S1_std,S2_std,S2_val,S1_val,P_choose1,N_trials
0.1,8,0,-4.0,0.0064,2500
0.1,8,0,-3.9,0.0064,2500
0.1,8,0,-3.8,0.0104,2500
0.1,8,0,-3.7,0.0108,2500
0.1,8,0,-3.5999999999999996,0.014,2500
0.1,8,0,-3.4999999999999996,0.02,2500
0.1,8,0,-3.3999999999999995,0.0212,2500
0.1,8,0,-3.2999999999999994,0.026,2500
0.1,8,0,-3.1999999999999993,0.03,2500
0.1,8,0,-3.099999999999999,0.0276,2500
0.1,8,0,-2.999999999999999,0.0452,2500
0.1,8,0,-2.899999999999999,0.0536,2500
0.1,8,0,-2.799999999999999,0.0636,2500
0.1,8,0,-2.699999999999999,0.0796,2500
0.1,8,0,-2.5999999999999988,0.0804,2500
0.1,8,0,-2.4999999999999987,0.1044,2500
0.1,8,0,-2.3999999999999986,0.1092,2500
0.1,8,0,-2.2999999999999985,0.1264,2500
0.1,8,0,-2.1999999999999984,0.1452,2500
0.1,8,0,-2.0999999999999983,0.1672,2500
0.1,8,0,-1.9999999999999984,0.17,2500
0.1,8,0,-1.899999999999998,0.1972,2500
0.1,8,0,-1.799999999999998,0.2004,2500
0.1,8,0,-1.699999999999998,0.264,2500
0.1,8,0,-1.599999999999998,0.2824,2500
0.1,8,0,-1.4999999999999978,0.2908,2500
0.1,8,0,-1.3999999999999977,0.318,2500
0.1,8,0,-1.2999999999999976,0.3524,2500
0.1,8,0,-1.1999999999999975,0.3872,2500
0.1,8,0,-1.0999999999999974,0.412,2500
0.1,8,0,-0.9999999999999972,0.4524,2500
0.1,8,0,-0.8999999999999972,0.4772,2500
0.1,8,0,-0.7999999999999972,0.4952,2500
0.1,8,0,-0.6999999999999971,0.5392,2500
0.1,8,0,-0.599999999999997,0.5548,2500
0.1,8,0,-0.4999999999999969,0.5932,2500
0.1,8,0,-0.3999999999999968,0.6256,2500
0.1,8,0,-0.2999999999999967,0.662,2500
0.1,8,0,-0.1999999999999966,0.6968,2500
0.1,8,0,-0.0999999999999965,0.7084,2500
0.1,8,0,3.552713678800501e-15,0.736,2500
0.1,8,0,0.1000000000000036,0.75,2500
0.1,8,0,0.2000000000000037,0.7784,2500
0.1,8,0,0.3000000000000038,0.8108,2500
0.1,8,0,0.4000000000000039,0.8284,2500
0.1,8,0,0.500000000000004,0.8532,2500
0.1,8,0,0.6000000000000041,0.8688,2500
0.1,8,0,0.7000000000000042,0.8832,2500
0.1,8,0,0.8000000000000043,0.8968,2500
0.1,8,0,0.9000000000000044,0.9228,2500
0.1,8,0,1.0000000000000044,0.9228,2500
0.1,8,0,1.1000000000000043,0.9352,2500
0.1,8,0,1.2000000000000046,0.9464,2500
0.1,8,0,1.3000000000000047,0.9516,2500
0.1,8,0,1.4000000000000048,0.9568,2500
0.1,8,0,1.5000000000000049,0.9636,2500
0.1,8,0,1.600000000000005,0.9724,2500
0.1,8,0,1.700000000000005,0.9808,2500
0.1,8,0,1.8000000000000052,0.9812,2500
0.1,8,0,1.9000000000000052,0.9828,2500
0.1,8,0,2.0000000000000053,0.986,2500
0.1,8,0,2.1000000000000054,0.992,2500
0.1,8,0,2.2000000000000055,0.9888,2500
0.1,8,0,2.3000000000000056,0.9932,2500
0.1,8,0,2.4000000000000057,0.9932,2500
0.1,8,0,2.5000000000000058,0.9964,2500
0.1,8,0,2.600000000000006,0.9956,2500
0.1,8,0,2.700000000000006,0.9956,2500
0.1,8,0,2.800000000000006,0.998,2500
0.1,8,0,2.900000000000006,0.9984,2500
0.1,8,0,3.000000000000006,0.9976,2500
0.1,8,0,3.1000000000000063,0.9988,2500
0.1,8,0,3.2000000000000064,0.9992,2500
0.1,8,0,3.3000000000000065,0.9992,2500
0.1,8,0,3.4000000000000066,0.9996,2500
0.1,8,0,3.5000000000000067,0.9992,2500
0.1,8,0,3.6000000000000068,1.0,2500
0.1,8,0,3.700000000000007,0.9992,2500
0.1,8,0,3.800000000000007,0.9992,2500
0.1,8,0,3.900000000000007,1.0,2500
0.1,8,0,4.000000000000007,1.0,2500
0.2,8,0,-4.0,0.0088,2500
0.2,8,0,-3.9,0.0064,2500
0.2,8,0,-3.8,0.01,2500
0.2,8,0,-3.7,0.016,2500
0.2,8,0,-3.5999999999999996,0.0184,2500
0.2,8,0,-3.4999999999999996,0.0256,2500
0.2,8,0,-3.3999999999999995,0.0272,2500
0.2,8,0,-3.2999999999999994,0.0272,2500
0.2,8,0,-3.1999999999999993,0.032,2500
0.2,8,0,-3.099999999999999,0.0388,2500
0.2,8,0,-2.999999999999999,0.0436,2500
0.2,8,0,-2.899999999999999,0.0572,2500
0.2,8,0,-2.799999999999999,0.06,2500
0.2,8,0,-2.699999999999999,0.0776,2500
0.2,8,0,-2.5999999999999988,0.0908,2500
0.2,8,0,-2.4999999999999987,0.1028,2500
0.2,8,0,-2.3999999999999986,0.1284,2500
0.2,8,0,-2.2999999999999985,0.1388,2500
0.2,8,0,-2.1999999999999984,0.1652,2500
0.2,8,0,-2.0999999999999983,0.1696,2500
0.2,8,0,-1.9999999999999984,0.1792,2500
0.2,8,0,-1.899999999999998,0.1992,2500
0.2,8,0,-1.799999999999998,0.2284,2500
0.2,8,0,-1.699999999999998,0.258,2500
0.2,8,0,-1.599999999999998,0.266,2500
0.2,8,0,-1.4999999999999978,0.2992,2500
0.2,8,0,-1.3999999999999977,0.3344,2500
0.2,8,0,-1.2999999999999976,0.3452,2500
0.2,8,0,-1.1999999999999975,0.394,2500
0.2,8,0,-1.0999999999999974,0.4272,2500
0.2,8,0,-0.9999999999999972,0.4444,2500
0.2,8,0,-0.8999999999999972,0.4468,2500
0.2,8,0,-0.7999999999999972,0.4936,2500
0.2,8,0,-0.6999999999999971,0.5324,2500
0.2,8,0,-0.599999999999997,0.5544,2500
0.2,8,0,-0.4999999999999969,0.5932,2500
0.2,8,0,-0.3999999999999968,0.6356,2500
0.2,8,0,-0.2999999999999967,0.6604,2500
0.2,8,0,-0.1999999999999966,0.6832,2500
0.2,8,0,-0.0999999999999965,0.7084,2500
0.2,8,0,3.552713678800501e-15,0.722,2500
0.2,8,0,0.1000000000000036,0.7728,2500
0.2,8,0,0.2000000000000037,0.7912,2500
0.2,8,0,0.3000000000000038,0.8104,2500
0.2,8,0,0.4000000000000039,0.8196,2500
0.2,8,0,0.500000000000004,0.8364,2500
0.2,8,0,0.6000000000000041,0.8564,2500
0.2,8,0,0.7000000000000042,0.88,2500
0.2,8,0,0.8000000000000043,0.8856,2500
0.2,8,0,0.9000000000000044,0.9068,2500
0.2,8,0,1.0000000000000044,0.9204,2500
0.2,8,0,1.1000000000000043,0.9264,2500
0.2,8,0,1.2000000000000046,0.9308,2500
0.2,8,0,1.3000000000000047,0.9472,2500
0.2,8,0,1.4000000000000048,0.9568,2500
0.2,8,0,1.5000000000000049,0.9548,2500
0.2,8,0,1.600000000000005,0.9684,2500
0.2,8,0,1.700000000000005,0.9744,2500
0.2,8,0,1.8000000000000052,0.976,2500
0.2,8,0,1.9000000000000052,0.9788,2500
0.2,8,0,2.0000000000000053,0.986,2500
0.2,8,0,2.1000000000000054,0.9888,2500
0.2,8,0,2.2000000000000055,0.9892,2500
0.2,8,0,2.3000000000000056,0.9916,2500
0.2,8,0,2.4000000000000057,0.9904,2500
0.2,8,0,2.5000000000000058,0.988,2500
0.2,8,0,2.600000000000006,0.9972,2500
0.2,8,0,2.700000000000006,0.9968,2500
0.2,8,0,2.800000000000006,0.9956,2500
0.2,8,0,2.900000000000006,0.9968,2500
0.2,8,0,3.000000000000006,0.9976,2500
0.2,8,0,3.1000000000000063,0.9976,2500
0.2,8,0,3.2000000000000064,0.9992,2500
0.2,8,0,3.3000000000000065,0.9996,2500
0.2,8,0,3.4000000000000066,0.9996,2500
0.2,8,0,3.5000000000000067,0.9996,2500
0.2,8,0,3.6000000000000068,0.9992,2500
0.2,8,0,3.700000000000007,0.9996,2500
0.2,8,0,3.800000000000007,0.9992,2500
0.2,8,0,3.900000000000007,1.0,2500
0.2,8,0,4.000000000000007,0.9996,2500
0.3,8,0,-4.0,0.0108,2500
0.3,8,0,-3.9,0.0132,2500
0.3,8,0,-3.8,0.016,2500
0.3,8,0,-3.7,0.0188,2500
0.3,8,0,-3.5999999999999996,0.0228,2500
0.3,8,0,-3.4999999999999996,0.0276,2500
0.3,8,0,-3.3999999999999995,0.0436,2500
0.3,8,0,-3.2999999999999994,0.0344,2500
0.3,8,0,-3.1999999999999993,0.0416,2500
0.3,8,0,-3.099999999999999,0.048,2500
0.3,8,0,-2.999999999999999,0.0604,2500
0.3,8,0,-2.899999999999999,0.0656,2500
0.3,8,0,-2.799999999999999,0.0768,2500
0.3,8,0,-2.699999999999999,0.0864,2500
0.3,8,0,-2.5999999999999988,0.0988,2500
0.3,8,0,-2.4999999999999987,0.1116,2500
0.3,8,0,-2.3999999999999986,0.128,2500
0.3,8,0,-2.2999999999999985,0.1356,2500
0.3,8,0,-2.1999999999999984,0.1504,2500
0.3,8,0,-2.0999999999999983,0.1808,2500
0.3,8,0,-1.9999999999999984,0.198,2500
0.3,8,0,-1.899999999999998,0.2252,2500
0.3,8,0,-1.799999999999998,0.2348,2500
0.3,8,0,-1.699999999999998,0.2616,2500
0.3,8,0,-1.599999999999998,0.2884,2500
0.3,8,0,-1.4999999999999978,0.3068,2500
0.3,8,0,-1.3999999999999977,0.3356,2500
0.3,8,0,-1.2999999999999976,0.3572,2500
0.3,8,0,-1.1999999999999975,0.3808,2500
0.3,8,0,-1.0999999999999974,0.4132,2500
0.3,8,0,-0.9999999999999972,0.4584,2500
0.3,8,0,-0.8999999999999972,0.456,2500
0.3,8,0,-0.7999999999999972,0.4956,2500
0.3,8,0,-0.6999999999999971,0.5568,2500
0.3,8,0,-0.599999999999997,0.5672,2500
0.3,8,0,-0.4999999999999969,0.578,2500
0.3,8,0,-0.3999999999999968,0.6076,2500
0.3,8,0,-0.2999999999999967,0.6548,2500
0.3,8,0,-0.1999999999999966,0.6676,2500
0.3,8,0,-0.0999999999999965,0.6856,2500
0.3,8,0,3.552713678800501e-15,0.7276,2500
0.3,8,0,0.1000000000000036,0.7304,2500
0.3,8,0,0.2000000000000037,0.7704,2500
0.3,8,0,0.3000000000000038,0.7856,2500
0.3,8,0,0.4000000000000039,0.8088,2500
0.3,8,0,0.500000000000004,0.8352,2500
0.3,8,0,0.6000000000000041,0.842,2500
0.3,8,0,0.7000000000000042,0.854,2500
0.3,8,0,0.8000000000000043,0.8832,2500
0.3,8,0,0.9000000000000044,0.8912,2500
0.3,8,0,1.0000000000000044,0.908,2500
0.3,8,0,1.1000000000000043,0.9244,2500
0.3,8,0,1.2000000000000046,0.9268,2500
0.3,8,0,1.3000000000000047,0.934,2500
0.3,8,0,1.4000000000000048,0.9512,2500
0.3,8,0,1.5000000000000049,0.9488,2500
0.3,8,0,1.600000000000005,0.9644,2500
0.3,8,0,1.700000000000005,0.9668,2500
0.3,8,0,1.8000000000000052,0.9656,2500
0.3,8,0,1.9000000000000052,0.9708,2500
0.3,8,0,2.0000000000000053,0.9852,2500
0.3,8,0,2.1000000000000054,0.9776,2500
0.3,8,0,2.2000000000000055,0.988,2500
0.3,8,0,2.3000000000000056,0.9872,2500
0.3,8,0,2.4000000000000057,0.9896,2500
0.3,8,0,2.5000000000000058,0.9928,2500
0.3,8,0,2.600000000000006,0.994,2500
0.3,8,0,2.700000000000006,0.9944,2500
0.3,8,0,2.800000000000006,0.9968,2500
0.3,8,0,2.900000000000006,0.9956,2500
0.3,8,0,3.000000000000006,0.9968,2500
0.3,8,0,3.1000000000000063,0.998,2500
0.3,8,0,3.2000000000000064,0.9984,2500
0.3,8,0,3.3000000000000065,0.9984,2500
0.3,8,0,3.4000000000000066,1.0,2500
0.3,8,0,3.5000000000000067,1.0,2500
0.3,8,0,3.6000000000000068,0.9984,2500
0.3,8,0,3.700000000000007,0.9984,2500
0.3,8,0,3.800000000000007,0.9992,2500
0.3,8,0,3.900000000000007,0.9984,2500
0.3,8,0,4.000000000000007,1.0,2500
0.4,8,0,-4.0,0.0164,2500
0.4,8,0,-3.9,0.0164,2500
0.4,8,0,-3.8,0.0248,2500
0.4,8,0,-3.7,0.0192,2500
0.4,8,0,-3.5999999999999996,0.0336,2500
0.4,8,0,-3.4999999999999996,0.0368,2500
0.4,8,0,-3.3999999999999995,0.0484,2500
0.4,8,0,-3.2999999999999994,0.0456,2500
0.4,8,0,-3.1999999999999993,0.0572,2500
0.4,8,0,-3.099999999999999,0.0656,2500
0.4,8,0,-2.999999999999999,0.0772,2500
0.4,8,0,-2.899999999999999,0.0856,2500
0.4,8,0,-2.799999999999999,0.0872,2500
0.4,8,0,-2.699999999999999,0.104,2500
0.4,8,0,-2.5999999999999988,0.1096,2500
0.4,8,0,-2.4999999999999987,0.1296,2500
0.4,8,0,-2.3999999999999986,0.1408,2500
0.4,8,0,-2.2999999999999985,0.1632,2500
0.4,8,0,-2.1999999999999984,0.1708,2500
0.4,8,0,-2.0999999999999983,0.196,2500
0.4,8,0,-1.9999999999999984,0.2068,2500
0.4,8,0,-1.899999999999998,0.2248,2500
0.4,8,0,-1.799999999999998,0.246,2500
0.4,8,0,-1.699999999999998,0.2696,2500
0.4,8,0,-1.599999999999998,0.3048,2500
0.4,8,0,-1.4999999999999978,0.3256,2500
0.4,8,0,-1.3999999999999977,0.3444,2500
0.4,8,0,-1.2999999999999976,0.3812,2500
0.4,8,0,-1.1999999999999975,0.3956,2500
0.4,8,0,-1.0999999999999974,0.44,2500
0.4,8,0,-0.9999999999999972,0.472,2500
0.4,8,0,-0.8999999999999972,0.4704,2500
0.4,8,0,-0.7999999999999972,0.4816,2500
0.4,8,0,-0.6999999999999971,0.5444,2500
0.4,8,0,-0.599999999999997,0.564,2500
0.4,8,0,-0.4999999999999969,0.592,2500
0.4,8,0,-0.3999999999999968,0.61,2500
0.4,8,0,-0.2999999999999967,0.6276,2500
0.4,8,0,-0.1999999999999966,0.6556,2500
0.4,8,0,-0.0999999999999965,0.6732,2500
0.4,8,0,3.552713678800501e-15,0.7044,2500
0.4,8,0,0.1000000000000036,0.7404,2500
0.4,8,0,0.2000000000000037,0.7488,2500
0.4,8,0,0.3000000000000038,0.774,2500
0.4,8,0,0.4000000000000039,0.7908,2500
0.4,8,0,0.500000000000004,0.8308,2500
0.4,8,0,0.6000000000000041,0.8324,2500
0.4,8,0,0.7000000000000042,0.86,2500
0.4,8,0,0.8000000000000043,0.862,2500
0.4,8,0,0.9000000000000044,0.8904,2500
0.4,8,0,1.0000000000000044,0.8912,2500
0.4,8,0,1.1000000000000043,0.908,2500
0.4,8,0,1.2000000000000046,0.9196,2500
0.4,8,0,1.3000000000000047,0.932,2500
0.4,8,0,1.4000000000000048,0.9344,2500
0.4,8,0,1.5000000000000049,0.9416,2500
0.4,8,0,1.600000000000005,0.9544,2500
0.4,8,0,1.700000000000005,0.954,2500
0.4,8,0,1.8000000000000052,0.966,2500
0.4,8,0,1.9000000000000052,0.9696,2500
0.4,8,0,2.0000000000000053,0.9732,2500
0.4,8,0,2.1000000000000054,0.9748,2500
0.4,8,0,2.2000000000000055,0.9764,2500
0.4,8,0,2.3000000000000056,0.9844,2500
0.4,8,0,2.4000000000000057,0.9848,2500
0.4,8,0,2.5000000000000058,0.9908,2500
0.4,8,0,2.600000000000006,0.9904,2500
0.4,8,0,2.700000000000006,0.992,2500
0.4,8,0,2.800000000000006,0.9924,2500
0.4,8,0,2.900000000000006,0.994,2500
0.4,8,0,3.000000000000006,0.994,2500
0.4,8,0,3.1000000000000063,0.9964,2500
0.4,8,0,3.2000000000000064,0.9984,2500
0.4,8,0,3.3000000000000065,0.9968,2500
0.4,8,0,3.4000000000000066,0.9988,2500
0.4,8,0,3.5000000000000067,0.9988,2500
0.4,8,0,3.6000000000000068,1.0,2500
0.4,8,0,3.700000000000007,0.9984,2500
0.4,8,0,3.800000000000007,0.9984,2500
0.4,8,0,3.900000000000007,0.9988,2500
0.4,8,0,4.000000000000007,0.9988,2500
0.5,8,0,-4.0,0.0204,2500
0.5,8,0,-3.9,0.0276,2500
0.5,8,0,-3.8,0.0308,2500
0.5,8,0,-3.7,0.04,2500
0.5,8,0,-3.5999999999999996,0.0332,2500
0.5,8,0,-3.4999999999999996,0.0468,2500
0.5,8,0,-3.3999999999999995,0.0576,2500
0.5,8,0,-3.2999999999999994,0.0576,2500
0.5,8,0,-3.1999999999999993,0.0712,2500
0.5,8,0,-3.099999999999999,0.0712,2500
0.5,8,0,-2.999999999999999,0.0856,2500
0.5,8,0,-2.899999999999999,0.0984,2500
0.5,8,0,-2.799999999999999,0.1072,2500
0.5,8,0,-2.699999999999999,0.1164,2500
0.5,8,0,-2.5999999999999988,0.1248,2500
0.5,8,0,-2.4999999999999987,0.1444,2500
0.5,8,0,-2.3999999999999986,0.1484,2500
0.5,8,0,-2.2999999999999985,0.1808,2500
0.5,8,0,-2.1999999999999984,0.1812,2500
0.5,8,0,-2.0999999999999983,0.2008,2500
0.5,8,0,-1.9999999999999984,0.2232,2500
0.5,8,0,-1.899999999999998,0.2604,2500
0.5,8,0,-1.799999999999998,0.2912,2500
0.5,8,0,-1.699999999999998,0.2836,2500
0.5,8,0,-1.599999999999998,0.3012,2500
0.5,8,0,-1.4999999999999978,0.3448,2500
0.5,8,0,-1.3999999999999977,0.3496,2500
0.5,8,0,-1.2999999999999976,0.3808,2500
0.5,8,0,-1.1999999999999975,0.414,2500
0.5,8,0,-1.0999999999999974,0.438,2500
0.5,8,0,-0.9999999999999972,0.4624,2500
0.5,8,0,-0.8999999999999972,0.4708,2500
0.5,8,0,-0.7999999999999972,0.4892,2500
0.5,8,0,-0.6999999999999971,0.5308,2500
0.5,8,0,-0.599999999999997,0.5432,2500
0.5,8,0,-0.4999999999999969,0.5968,2500
0.5,8,0,-0.3999999999999968,0.6168,2500
0.5,8,0,-0.2999999999999967,0.6272,2500
0.5,8,0,-0.1999999999999966,0.6532,2500
0.5,8,0,-0.0999999999999965,0.672,2500
0.5,8,0,3.552713678800501e-15,0.6968,2500
0.5,8,0,0.1000000000000036,0.7208,2500
0.5,8,0,0.2000000000000037,0.742,2500
0.5,8,0,0.3000000000000038,0.7684,2500
0.5,8,0,0.4000000000000039,0.7848,2500
0.5,8,0,0.500000000000004,0.79,2500
0.5,8,0,0.6000000000000041,0.8164,2500
0.5,8,0,0.7000000000000042,0.8312,2500
0.5,8,0,0.8000000000000043,0.84,2500
0.5,8,0,0.9000000000000044,0.8596,2500
0.5,8,0,1.0000000000000044,0.8852,2500
0.5,8,0,1.1000000000000043,0.8876,2500
0.5,8,0,1.2000000000000046,0.9056,2500
0.5,8,0,1.3000000000000047,0.9132,2500
0.5,8,0,1.4000000000000048,0.9228,2500
0.5,8,0,1.5000000000000049,0.9272,2500
0.5,8,0,1.600000000000005,0.9392,2500
0.5,8,0,1.700000000000005,0.9344,2500
0.5,8,0,1.8000000000000052,0.9504,2500
0.5,8,0,1.9000000000000052,0.9532,2500
0.5,8,0,2.0000000000000053,0.9608,2500
0.5,8,0,2.1000000000000054,0.9612,2500
0.5,8,0,2.2000000000000055,0.966,2500
0.5,8,0,2.3000000000000056,0.9772,2500
0.5,8,0,2.4000000000000057,0.9724,2500
0.5,8,0,2.5000000000000058,0.9816,2500
0.5,8,0,2.600000000000006,0.9788,2500
0.5,8,0,2.700000000000006,0.986,2500
0.5,8,0,2.800000000000006,0.99,2500
0.5,8,0,2.900000000000006,0.9936,2500
0.5,8,0,3.000000000000006,0.9912,2500
0.5,8,0,3.1000000000000063,0.9912,2500
0.5,8,0,3.2000000000000064,0.994,2500
0.5,8,0,3.3000000000000065,0.9948,2500
0.5,8,0,3.4000000000000066,0.9952,2500
0.5,8,0,3.5000000000000067,0.9956,2500
0.5,8,0,3.6000000000000068,0.998,2500
0.5,8,0,3.700000000000007,0.9968,2500
0.5,8,0,3.800000000000007,0.998,2500
0.5,8,0,3.900000000000007,0.9984,2500
0.5,8,0,4.000000000000007,0.9992,2500
0.6000000000000001,8,0,-4.0,0.0376,2500
0.6000000000000001,8,0,-3.9,0.0448,2500
0.6000000000000001,8,0,-3.8,0.0444,2500
0.6000000000000001,8,0,-3.7,0.054,2500
0.6000000000000001,8,0,-3.5999999999999996,0.0596,2500
0.6000000000000001,8,0,-3.4999999999999996,0.068,2500
0.6000000000000001,8,0,-3.3999999999999995,0.0624,2500
0.6000000000000001,8,0,-3.2999999999999994,0.0884,2500
0.6000000000000001,8,0,-3.1999999999999993,0.0904,2500
0.6000000000000001,8,0,-3.099999999999999,0.094,2500
0.6000000000000001,8,0,-2.999999999999999,0.1012,2500
0.6000000000000001,8,0,-2.899999999999999,0.1048,2500
0.6000000000000001,8,0,-2.799999999999999,0.1252,2500
0.6000000000000001,8,0,-2.699999999999999,0.1372,2500
0.6000000000000001,8,0,-2.5999999999999988,0.1656,2500
0.6000000000000001,8,0,-2.4999999999999987,0.1664,2500
0.6000000000000001,8,0,-2.3999999999999986,0.1796,2500
0.6000000000000001,8,0,-2.2999999999999985,0.1952,2500
0.6000000000000001,8,0,-2.1999999999999984,0.2204,2500
0.6000000000000001,8,0,-2.0999999999999983,0.2456,2500
0.6000000000000001,8,0,-1.9999999999999984,0.258,2500
0.6000000000000001,8,0,-1.899999999999998,0.2696,2500
0.6000000000000001,8,0,-1.799999999999998,0.296,2500
0.6000000000000001,8,0,-1.699999999999998,0.3036,2500
0.6000000000000001,8,0,-1.599999999999998,0.3284,2500
0.6000000000000001,8,0,-1.4999999999999978,0.3644,2500
0.6000000000000001,8,0,-1.3999999999999977,0.376,2500
0.6000000000000001,8,0,-1.2999999999999976,0.3892,2500
0.6000000000000001,8,0,-1.1999999999999975,0.4172,2500
0.6000000000000001,8,0,-1.0999999999999974,0.4452,2500
0.6000000000000001,8,0,-0.9999999999999972,0.4444,2500
0.6000000000000001,8,0,-0.8999999999999972,0.5012,2500
0.6000000000000001,8,0,-0.7999999999999972,0.5048,2500
0.6000000000000001,8,0,-0.6999999999999971,0.5392,2500
0.6000000000000001,8,0,-0.599999999999997,0.5572,2500
0.6000000000000001,8,0,-0.4999999999999969,0.5688,2500
0.6000000000000001,8,0,-0.3999999999999968,0.5836,2500
0.6000000000000001,8,0,-0.2999999999999967,0.6124,2500
0.6000000000000001,8,0,-0.1999999999999966,0.64,2500
0.6000000000000001,8,0,-0.0999999999999965,0.6412,2500
0.6000000000000001,8,0,3.552713678800501e-15,0.6916,2500
0.6000000000000001,8,0,0.1000000000000036,0.6936,2500
0.6000000000000001,8,0,0.2000000000000037,0.7184,2500
0.6000000000000001,8,0,0.3000000000000038,0.7464,2500
0.6000000000000001,8,0,0.4000000000000039,0.7672,2500
0.6000000000000001,8,0,0.500000000000004,0.77,2500
0.6000000000000001,8,0,0.6000000000000041,0.7884,2500
0.6000000000000001,8,0,0.7000000000000042,0.808,2500
0.6000000000000001,8,0,0.8000000000000043,0.8188,2500
0.6000000000000001,8,0,0.9000000000000044,0.8332,2500
0.6000000000000001,8,0,1.0000000000000044,0.856,2500
0.6000000000000001,8,0,1.1000000000000043,0.852,2500
0.6000000000000001,8,0,1.2000000000000046,0.8684,2500
0.6000000000000001,8,0,1.3000000000000047,0.8856,2500
0.6000000000000001,8,0,1.4000000000000048,0.8932,2500
0.6000000000000001,8,0,1.5000000000000049,0.9088,2500
0.6000000000000001,8,0,1.600000000000005,0.922,2500
0.6000000000000001,8,0,1.700000000000005,0.9304,2500
0.6000000000000001,8,0,1.8000000000000052,0.9356,2500
0.6000000000000001,8,0,1.9000000000000052,0.946,2500
0.6000000000000001,8,0,2.0000000000000053,0.948,2500
0.6000000000000001,8,0,2.1000000000000054,0.9548,2500
0.6000000000000001,8,0,2.2000000000000055,0.9576,2500
0.6000000000000001,8,0,2.3000000000000056,0.97,2500
0.6000000000000001,8,0,2.4000000000000057,0.9732,2500
0.6000000000000001,8,0,2.5000000000000058,0.97,2500
0.6000000000000001,8,0,2.600000000000006,0.9736,2500
0.6000000000000001,8,0,2.700000000000006,0.9768,2500
0.6000000000000001,8,0,2.800000000000006,0.982,2500
0.6000000000000001,8,0,2.900000000000006,0.9812,2500
0.6000000000000001,8,0,3.000000000000006,0.99,2500
0.6000000000000001,8,0,3.1000000000000063,0.9836,2500
0.6000000000000001,8,0,3.2000000000000064,0.9876,2500
0.6000000000000001,8,0,3.3000000000000065,0.9888,2500
0.6000000000000001,8,0,3.4000000000000066,0.9912,2500
0.6000000000000001,8,0,3.5000000000000067,0.992,2500
0.6000000000000001,8,0,3.6000000000000068,0.9936,2500
0.6000000000000001,8,0,3.700000000000007,0.9952,2500
0.6000000000000001,8,0,3.800000000000007,0.9972,2500
0.6000000000000001,8,0,3.900000000000007,0.9956,2500
0.6000000000000001,8,0,4.000000000000007,0.9968,2500
0.7000000000000001,8,0,-4.0,0.0548,2500
0.7000000000000001,8,0,-3.9,0.0524,2500
0.7000000000000001,8,0,-3.8,0.0572,2500
0.7000000000000001,8,0,-3.7,0.0632,2500
0.7000000000000001,8,0,-3.5999999999999996,0.0764,2500
0.7000000000000001,8,0,-3.4999999999999996,0.0804,2500
0.7000000000000001,8,0,-3.3999999999999995,0.0904,2500
0.7000000000000001,8,0,-3.2999999999999994,0.0952,2500
0.7000000000000001,8,0,-3.1999999999999993,0.102,2500
0.7000000000000001,8,0,-3.099999999999999,0.1272,2500
0.7000000000000001,8,0,-2.999999999999999,0.1284,2500
0.7000000000000001,8,0,-2.899999999999999,0.1424,2500
0.7000000000000001,8,0,-2.799999999999999,0.136,2500
0.7000000000000001,8,0,-2.699999999999999,0.1576,2500
0.7000000000000001,8,0,-2.5999999999999988,0.1664,2500
0.7000000000000001,8,0,-2.4999999999999987,0.196,2500
0.7000000000000001,8,0,-2.3999999999999986,0.2108,2500
0.7000000000000001,8,0,-2.2999999999999985,0.2112,2500
0.7000000000000001,8,0,-2.1999999999999984,0.2408,2500
0.7000000000000001,8,0,-2.0999999999999983,0.2528,2500
0.7000000000000001,8,0,-1.9999999999999984,0.256,2500
0.7000000000000001,8,0,-1.899999999999998,0.2788,2500
0.7000000000000001,8,0,-1.799999999999998,0.2984,2500
0.7000000000000001,8,0,-1.699999999999998,0.3196,2500
0.7000000000000001,8,0,-1.599999999999998,0.3468,2500
0.7000000000000001,8,0,-1.4999999999999978,0.3716,2500
0.7000000000000001,8,0,-1.3999999999999977,0.3784,2500
0.7000000000000001,8,0,-1.2999999999999976,0.3956,2500
0.7000000000000001,8,0,-1.1999999999999975,0.4084,2500
0.7000000000000001,8,0,-1.0999999999999974,0.4368,2500
0.7000000000000001,8,0,-0.9999999999999972,0.4648,2500
0.7000000000000001,8,0,-0.8999999999999972,0.4792,2500
0.7000000000000001,8,0,-0.7999999999999972,0.49,2500
0.7000000000000001,8,0,-0.6999999999999971,0.5176,2500
0.7000000000000001,8,0,-0.599999999999997,0.554,2500
0.7000000000000001,8,0,-0.4999999999999969,0.562,2500
0.7000000000000001,8,0,-0.3999999999999968,0.5708,2500
0.7000000000000001,8,0,-0.2999999999999967,0.5996,2500
0.7000000000000001,8,0,-0.1999999999999966,0.6128,2500
0.7000000000000001,8,0,-0.0999999999999965,0.6436,2500
0.7000000000000001,8,0,3.552713678800501e-15,0.6664,2500
0.7000000000000001,8,0,0.1000000000000036,0.6812,2500
0.7000000000000001,8,0,0.2000000000000037,0.7128,2500
0.7000000000000001,8,0,0.3000000000000038,0.7172,2500
0.7000000000000001,8,0,0.4000000000000039,0.7496,2500
0.7000000000000001,8,0,0.500000000000004,0.7396,2500
0.7000000000000001,8,0,0.6000000000000041,0.764,2500
0.7000000000000001,8,0,0.7000000000000042,0.7952,2500
0.7000000000000001,8,0,0.8000000000000043,0.7968,2500
0.7000000000000001,8,0,0.9000000000000044,0.8156,2500
0.7000000000000001,8,0,1.0000000000000044,0.836,2500
0.7000000000000001,8,0,1.1000000000000043,0.8312,2500
0.7000000000000001,8,0,1.2000000000000046,0.8616,2500
0.7000000000000001,8,0,1.3000000000000047,0.8692,2500
0.7000000000000001,8,0,1.4000000000000048,0.8708,2500
0.7000000000000001,8,0,1.5000000000000049,0.882,2500
0.7000000000000001,8,0,1.600000000000005,0.8916,2500
0.7000000000000001,8,0,1.700000000000005,0.9176,2500
0.7000000000000001,8,0,1.8000000000000052,0.9128,2500
0.7000000000000001,8,0,1.9000000000000052,0.9204,2500
0.7000000000000001,8,0,2.0000000000000053,0.9152,2500
0.7000000000000001,8,0,2.1000000000000054,0.94,2500
0.7000000000000001,8,0,2.2000000000000055,0.9476,2500
0.7000000000000001,8,0,2.3000000000000056,0.948,2500
0.7000000000000001,8,0,2.4000000000000057,0.9536,2500
0.7000000000000001,8,0,2.5000000000000058,0.9568,2500
0.7000000000000001,8,0,2.600000000000006,0.9632,2500
0.7000000000000001,8,0,2.700000000000006,0.9568,2500
0.7000000000000001,8,0,2.800000000000006,0.968,2500
0.7000000000000001,8,0,2.900000000000006,0.9744,2500
0.7000000000000001,8,0,3.000000000000006,0.9804,2500
0.7000000000000001,8,0,3.1000000000000063,0.9776,2500
0.7000000000000001,8,0,3.2000000000000064,0.9804,2500
0.7000000000000001,8,0,3.3000000000000065,0.986,2500
0.7000000000000001,8,0,3.4000000000000066,0.9872,2500
0.7000000000000001,8,0,3.5000000000000067,0.9856,2500
0.7000000000000001,8,0,3.6000000000000068,0.9924,2500
0.7000000000000001,8,0,3.700000000000007,0.992,2500
0.7000000000000001,8,0,3.800000000000007,0.9952,2500
0.7000000000000001,8,0,3.900000000000007,0.992,2500
0.7000000000000001,8,0,4.000000000000007,0.9924,2500
0.8,8,0,-4.0,0.0636,2500
0.8,8,0,-3.9,0.0796,2500
0.8,8,0,-3.8,0.07,2500
0.8,8,0,-3.7,0.0828,2500
0.8,8,0,-3.5999999999999996,0.0892,2500
0.8,8,0,-3.4999999999999996,0.0892,2500
0.8,8,0,-3.3999999999999995,0.1176,2500
0.8,8,0,-3.2999999999999994,0.1148,2500
0.8,8,0,-3.1999999999999993,0.1312,2500
0.8,8,0,-3.099999999999999,0.1348,2500
0.8,8,0,-2.999999999999999,0.1516,2500
0.8,8,0,-2.899999999999999,0.152,2500
0.8,8,0,-2.799999999999999,0.1804,2500
0.8,8,0,-2.699999999999999,0.1904,2500
0.8,8,0,-2.5999999999999988,0.1952,2500
0.8,8,0,-2.4999999999999987,0.206,2500
0.8,8,0,-2.3999999999999986,0.2376,2500
0.8,8,0,-2.2999999999999985,0.2328,2500
0.8,8,0,-2.1999999999999984,0.2648,2500
0.8,8,0,-2.0999999999999983,0.2628,2500
0.8,8,0,-1.9999999999999984,0.2888,2500
0.8,8,0,-1.899999999999998,0.302,2500
0.8,8,0,-1.799999999999998,0.3148,2500
0.8,8,0,-1.699999999999998,0.3248,2500
0.8,8,0,-1.599999999999998,0.3548,2500
0.8,8,0,-1.4999999999999978,0.3704,2500
0.8,8,0,-1.3999999999999977,0.384,2500
0.8,8,0,-1.2999999999999976,0.3888,2500
0.8,8,0,-1.1999999999999975,0.434,2500
0.8,8,0,-1.0999999999999974,0.45,2500
0.8,8,0,-0.9999999999999972,0.4664,2500
0.8,8,0,-0.8999999999999972,0.484,2500
0.8,8,0,-0.7999999999999972,0.4932,2500
0.8,8,0,-0.6999999999999971,0.5028,2500
0.8,8,0,-0.599999999999997,0.5416,2500
0.8,8,0,-0.4999999999999969,0.5696,2500
0.8,8,0,-0.3999999999999968,0.566,2500
0.8,8,0,-0.2999999999999967,0.5908,2500
0.8,8,0,-0.1999999999999966,0.6112,2500
0.8,8,0,-0.0999999999999965,0.6268,2500
0.8,8,0,3.552713678800501e-15,0.6464,2500
0.8,8,0,0.1000000000000036,0.6876,2500
0.8,8,0,0.2000000000000037,0.6912,2500
0.8,8,0,0.3000000000000038,0.6888,2500
0.8,8,0,0.4000000000000039,0.7144,2500
0.8,8,0,0.500000000000004,0.738,2500
0.8,8,0,0.6000000000000041,0.7544,2500
0.8,8,0,0.7000000000000042,0.7636,2500
0.8,8,0,0.8000000000000043,0.7776,2500
0.8,8,0,0.9000000000000044,0.7944,2500
0.8,8,0,1.0000000000000044,0.8228,2500
0.8,8,0,1.1000000000000043,0.8284,2500
0.8,8,0,1.2000000000000046,0.8336,2500
0.8,8,0,1.3000000000000047,0.838,2500
0.8,8,0,1.4000000000000048,0.8752,2500
0.8,8,0,1.5000000000000049,0.8556,2500
0.8,8,0,1.600000000000005,0.872,2500
0.8,8,0,1.700000000000005,0.8792,2500
0.8,8,0,1.8000000000000052,0.8912,2500
0.8,8,0,1.9000000000000052,0.8972,2500
0.8,8,0,2.0000000000000053,0.9212,2500
0.8,8,0,2.1000000000000054,0.922,2500
0.8,8,0,2.2000000000000055,0.9288,2500
0.8,8,0,2.3000000000000056,0.9128,2500
0.8,8,0,2.4000000000000057,0.9388,2500
0.8,8,0,2.5000000000000058,0.9388,2500
0.8,8,0,2.600000000000006,0.9492,2500
0.8,8,0,2.700000000000006,0.9524,2500
0.8,8,0,2.800000000000006,0.95,2500
0.8,8,0,2.900000000000006,0.962,2500
0.8,8,0,3.000000000000006,0.9672,2500
0.8,8,0,3.1000000000000063,0.9656,2500
0.8,8,0,3.2000000000000064,0.9704,2500
0.8,8,0,3.3000000000000065,0.9716,2500
0.8,8,0,3.4000000000000066,0.9736,2500
0.8,8,0,3.5000000000000067,0.98,2500
0.8,8,0,3.6000000000000068,0.982,2500
0.8,8,0,3.700000000000007,0.986,2500
0.8,8,0,3.800000000000007,0.9844,2500
0.8,8,0,3.900000000000007,0.9872,2500
0.8,8,0,4.000000000000007,0.988,2500
